PlayerID,PlayerName
59002,Aakim Saintil
8223,Aaric Murray
53,Aaron Brooks
1918,Aaron Bruce
9412,Aaron Craft
81030,Aaron Epps
73145,Aaron Falzon
24308,Aaron Gordon
11,Aaron Gray
24309,Aaron Harrison
54843,Aaron Holiday
1723,Aaron Jackson
1106,Aaron Miles
16638,Aaron Nixon
24235,Aaron Ross
24668,Aaron Rountree
88902,Aaron Thompson
28759,Aaron White
24388,Abdel Kader Sylla
29305,Abdoulaye Loum
76385,Abdul Ado
2211,Abdul Gaddy
52541,Abdul-Malik Abu
24886,Abdoulaye Mbaye
92768,Abu Kigab
38,Acie Law
72291,Acoydan McCarthy
353,Adam Haluska
2567,Adam Hanga
7453,Adam Koch
28630,Adam Lapeta
67,Adam Morrison
24650,Adam Woodbury
32814,Adin Vrabac
24193,Adjehi Baru
83905,Admon Gilder
71579,Adonis De La Rosa
24150,Adonis Thomas
42073,Adonys Henriquez
9303,Adreian Payne
19735,Adrian Banks
6974,Adrian Oliver
1696,A.D. Vassallo
9563,Aerick Sanders
1689,Ahmad Nivins
9326,Ahmad Starks
25841,Ahmed Hamdy
52348,Ahmed Hill
76123,Ahmet Duran
24099,Aliun Guo
1725,A.J. Abrams
89352,A.J. Durham
44580,A.J. English III
9431,A.J. Graves
24294,A.J. Hammons
73148,A.J. Harris
56829,A.J. Lapray
31326,A.J. Mathew
1656,A.J. Price
10169,A.J. Slaughter
73138,A.J. Turner
107337,A.J. Wilson
23547,Akil Mitchell
4850,Akin Akingbala
43394,Akoy Agau
1779,Alade Aminu
939,Alan Anderson
21571,Alan Daniels
8661,"Alan Wiggins, Jr."
31153,Alan Williams
27692,Alberto Diaz
80705,Alec Brennan
23740,Alec Brown
4169,Alec Burks
57287,Alec Peters
49527,Aleksa Ilic
25534,Aleksandar Capin
24800,Aleksandar Cvetkovic
2731,Aleksander Djuric
2432,Aleksandar Ugrinoski
80648,Aleksa Nikolic
54448,Aleksa Radanov
1902,Aleks Maric
6625,Ales Chan
158,Alex Acker
27712,Alexandre Chassang
2576,Aleksandros Sigkounas
25104,Alexandre Zhigulin
2320,Alexey Shved
18399,Alex Franklin
16898,Alex Harris
775,Alexis Ajinca
9391,Alex Kirk
26866,Alex Len
2199,Alex Oriakhi
53420,Alex Owens
24266,Alex Poythress
97091,Alex Reese
52051,Alex Robinson
1659,Alex Ruoff
2389,Alex Stepheson
25831,Alex Suarez
5630,Alex Tyus
9442,Alex Young
2180,Al-Farouq Aminu
11500,Al Fisher
1736,Alfred Aboya
88123,Alfred Hollins
85929,Algevon Eichelberger
35,Al Horford
1968,Ali Traore
384,Al Jefferson
1091,Allan Ray
9300,Allen Crabbe
24672,Allerik Freeman
42371,Allonzo Trier
1657,Alonzo Gee
3259,Aloysius Anagonye
72635,Alpha Kaba
76755,Alter Gilbert
39,Al Thornton
88707,Amarveer Singh
10105,Amath M'Baye
88805,Amauri Hardy
26524,Amedeo Della Valle
56938,Amida Brimah
24249,Amile Jefferson
59502,Amir Coffey
24233,Amir Garrett
24176,Amir Williams
43699,Anatoly Kolesnikov
65,Andrea Bargnani
25978,Andreas Person
1072,Andre Barrett
185,Andre Brown
3670,Andre Dawkins
24241,Andre Drummond
410,Andre Emmett
24219,Andre Hollins
379,Andre Iguodala
27026,Andreja Milutinovic
23283,Andre Roberson
9369,Andre Stringer
9265,Andrew Albicy
58,Andrew Bogut
57070,Andrew Drone
9577,Andrew Goudelock
24306,Andrew Harrison
103161,Andrew Jones
21027,Andrew Lawrence
10813,Andrew Nicholson
7052,Andrew Warren
24682,Andrew Wiggins
2932,Andrei Vorontsevich
6520,Andy Rautins
52549,Angel Delgado
2415,Angel Garcia
24206,Angelo Chol
32999,Angelo Sharpless
91765,Anrijs Miska
1997,Antanas Kavaliauskas
24660,Anthony Bennett
4255#International,Anthony Brown
6998,Anthony Brown (Stanford)
6998,Anthony Brown (Stanford)
28980,Anthony Collins
85658,Anthony Cowan
13305,Anthony Davis
4402,Anthony Gurley
23413,Anthony Ireland
4319,Anthony King
10002,Anthony Marshall
864,Anthony Morrow
768,Anthony Randolph
865,Anthony Roberson
328,Anthony Tolliver
20412,Anthony Winchester
9266,Antoine Diot
18424,Antoine Jordan
307,Antoine Wright
41315,Anton Beard
1763,Antonio Anderson
72599,Antonio Blakeney
409,Antonio Burks
2571,Anton Ponomarev
934,Antywane Robinson
41958,Aquille Carr
24257,Archie Goodwin
16090,Arizona Reid
9037,Armon Johnson
24666,Arnaud Moto
8265,Arnett Moultrie
72296,Arnoldas Kulboka
1790,Aron Baynes
7903,Arsalan Kazemi
41217,Artem Klimenko
26007,Artem Pustovyi
2577,Artem Zabelin
1103,Arthur Johnson
8225,Artsiom Parakhouski
76756,Asante Gist
6227,Ashton Gibbs
24368,Achcraf Yacoubou
30386,Askia Booker
7751,Aubrey Coleman
79866,Aubrey Dawkins
24371,Augusto Cesar Lima
6409,Augustus Gilchrist
24314,Austin Colbert
1625,Austin Daye
28752,Austin Etherington
2155,Austin Freeman
52552,Austin Grandstaff
42743,Austin Mills
33429,Austin Nichols
61781,Austin Rettig
9291,Austin Rivers
81704,Austin Wiley
2194,Avery Bradley
30080,Avis Wyatt
118865,Awak Piom
30672,Awudu Abass
25855,Axel Toupane
2396,Ayinde Ubaka
23268,Aziz NDiaye
2201,Baden Jaxen
43129,Bakari Turner
85394,Baker Evelyn
76939,Bam Adebayo
7969,Bamba Fall
9742,Bangaly Fofana
85625,Barret Benson
54258,Bathiste Tchouaffe
80411,Bear Henderson
80300,Ben Bentil
214,Ben Gordon
7480,Ben Jacobson
1788,Ben McCauley
24188,Ben McLemore
394,Beno Udrih
41364,Ben Simmons
8107,Ben Uzoh
1792,Ben Woodside
26581,Berkay Candan
23527,Bernard James
3527,Bernard King
400,Bernard Robinson
28213,Bernard Sullivan
9557,Bill Clark
41395,Billy Garrett
76388,Billy Preston
9900,Billy White
24340,Bismack Biyombo
106521,B.J. Dulling
10920,B.J. Raymond
24161,B.J. Young
2735,Blagota Sekulic
912,Blake Ahearn
1596,Blake Griffin
3913,Blake Hoffarber
2641,Blake Schilb
2413,Boban Marjanovic
45273,Bobby Brown
862,Bobby Brown (Cal State Fullerton)
101,Bobby Jones
41433,Bobby Portis
24809,Bogdan Bogdanovic
25821,Bogdan Radosavljevic
25931,Bojan Dubljevic
89958,Bol Bol
1907,Bo McCalebb
52345,"Bonzie Colson, Jr."
24758,Boris Barac
33380,Boubacar Moungoro
25171,Bozhidar Avramov
138,Bracey Wright
89350,Brachen Hazen
84157,Brad Brechting
1817,Brad Buckman
18939,Bradford Burgess
24148,Bradley Beal
19,Brad Newley
23430,Brad Waldow
6228,Brad Wanamaker
89390,Brailen Neely
26604,Brandan Kearney
45,Brandan Wright
24160,Branden Dawson
1172,Brandin Knight
24247,Brandon Ashley
126,Brandon Bass
1891,Brandon Bowman
85923,Brandon Childress
9749,Brandon Davies
61309,Brandon Eddlestone
52550,Brandone Francis
10112,Brandon Ewing
9038,Brandon Fields
948,Brandon Heath
17542,Brandon Hobbs
481,Brandon Hunter
72279,Brandon Ingram
81691,Brandon Johns
2258,Brandon Knight
2273,Brandon Paul
104923,Brandon Rachal
1903,Brandon Robinson
88768,Brandon Robinson (North Carolina)
69,Brandon Roy
767,Brandon Rush
83899,Brandon Sampson
2282,Brandon Triche
896,Brandon Wallace
22399,Brandon Young
29723,Branislav Djekic
71544,Braxton Blackwell
24283,Braxton Ogbueze
88725,Breein Tyree
81002,Brekkott Chapman
85670,Brendan Bailey
21214,Brendan Winters
31030,Brett Comer
2087,Brian Boddicker
81678,Brian Bowen
56699,Brian Bridgewater
1884,Brian Butch
462,Brian Cook
1794,Brian Cusworth
58768,Brian Dawkins
1920,Brian Laing
3606,Brian Qvale
1806,Brian Roberts
24658,Brice Johnson
914,Britton Johnsen
7001,Brock Motum
84376,Brodricks Jones
770,Brook Lopez
85612,Bruce Brown
2300,Bryan Davis
41311,Bryant Crawford
1875,Bryant Dunston
2068,Bryant Matthews
33369,Bryant Voiles
56839,Bryce Alford
22416,Bryce Cotton
9301,Bryce Dejean-Jones
1709,Bryce Taylor
108577,Buay Koka
42415,Buddy Hield
88781,Bul Ajang
1956,Byron Eaton
1610,Byron Mullens
30354,Byron Wesley
31910,Cady Lalanne
1984,Caleb Green
73167,Caleb Swanigan
22845,Cameron Ayers
22372,Cameron Bairstow
2021,Cameron Bennerman
24288,Cameron Biedscheid
9341,Cameron Clark
89392,Cameron Krutwig
8156,Cameron Moore
97492,Cameron Oliver
97492,Cameron Oliver (Nevada)
133290,Cameron Parker
57476,Cameron Payne
81697,Cameron Reddish
24244,Cameron Ridley
9393,Cameron Wright
18580,Cam Long
24945,Can Ozcan
31746,Canyon Barry
42322,Caris LeVert
2645,Carl Elliott
1052,Carl English
6195,Carleton Scott
30541,Carl Hall
2675,Carl Krauser
2,Carl Landry
2570,Carl Embo
9734,Carlon Brown
1164,Carlos Powell
58246,Carlton Allen
54833,Carlton Bragg
24211,Carlton Brundidge
452,Carmelo Anthony
23244,Carrick Felix
81687,Carte'Are Gordon
1196,Cartier Martin
6591,Casey Mitchell
9343,Casey Prather
16617,Casper Ware
81701,Cassius Stanley
74073,Cassius Winston
24670,Cat Barber
28793,Cedric McAfee
82,Cedric Simmons
6895,Chace Stanback
57089,Chad Frazier
84070,Chad Lott
43124,Chad Posthumus
24653,Chad Rykhoek
18807,Chaisson Allen
2537,Chandler Parsons
24167,Chane Behanan
84,Channing Frye
8224,Charles Garcia
5958,Charles Hinkle
4770,Charles Jenkins
44070,Charles Mann
52341,Charles Matthews
24655,Charles Mitchell
89358,Charles Payton
923,Charles Rhodes
85907,Charlie Moore
64,Charlie Villanueva
23419,Charlie Westbrook
18334,Charron Fisher
88524,Charvon Julien
1613,Chase Budinger
54844,Chase Jeter
9902,Chase Tapley
3661,Chas McFarland
24199,Chasson Randle
105348,Chaundee Brown
31429,Chavaughn Lewis
49975,Cheick Diallo
24665,Chicken Knowles
76976,Chimezie Metu
54847,Chinanu Onuaku
53450,Yi-Hsiang Chou
451,Chris Bosh
90843,Chris Boucher
10293,Chris Braswell
52547,Chris Chiozza
76938,Chris Clarke
2723,Chris Daniels
213,Chris Duhon
6627,Chris Garnett
81686,Chris Giles
2671,Chris Hernandez
1595,Chris Hunter
1655,Chris Johnson
9587,Chris Johnson (Dayton)
57,Chris Kaman
85601,Chris Lewis
1706,Chris Lofton
10589,Chris Lowe
76746,Chris Lykes
1149,Chris Marcus
2750,Chris Massie
1027,Chris McCray
41445,Chris McCullough
24654,Chris Obekpa
61,Chris Paul
792,Chris Quinn
10,Chris Richard
83915,Chris Silva
2188,Chris Singleton
150,Chris Taft
2072,Chris Thomas
1979,Christian Burns
76406,Christian David
2027,Christian Maraker
88833,Christian Negron
76984,Christian Popoola
3869,Christian Watford
41451,Christian Wood
25046,Christophe Leonard
24312,Chris Walker
4814,Chris Warren
2157,Chris Wright
2536,Chris Wright (Dayton)
182,Chuck Hayes
88840,Chuck O'Bannon Jr.
88842,Chuma Okeke
22567,C.J. Aiken
24237,C.J. Barksdale
9362,C.J. Fair
7114,C.J. Leslie
17251,C.J. McCollum
19028,C.J. Reed
105384,C.J. Roberts
85930,C.J. Walker
787,C.J. Watson
6964,C.J. Wilcox
44097,Cleanthony Early
22397,Cleveland Melvin
42079,Cliff Alexander
1926,Cliff Hammonds
28284,Clint Capela
788,Coby Karl
74074,Cody Riley
24152,Cody Zeller
2159,Cole Aldrich
931,Coleman Collins
85725,Colin Slater
104930,Collin Sexton
3914,Colton Iverson
7230,Colt Ryan
1782,Connor Atchley
88821,Connor McCaffery
81702,Connor Vanover
86006,Cordell Pemsl
43,Corey Brewer
2259,Corey Fisher
9308,Corey Hawkins
72587,Corey Johnson
23094,Corey Petros
73150,Corey Sanders
2156,Corey Stokes
22585,Corey Walden
4071,Cory Higgins
4149,Cory Jefferson
7108,Cory Joseph
1654,Courtney Fells
352,Courtney Sims
2219,Craig Brackins
3014,Craig Bradshaw
102,Craig Smith
42077,Craig Victor
9310,Crandall Head
24840,Cristiano Felicio
85951,Curtis Jones
2532,Curtis Kelly
1872,Curtis Stinson
930,Curtis Sumpter
9647,Curtis Withers
87290,Daejon Davis
52,Daequan Cook
445,Dahntay Jones
24173,Dai-Jon Parker
26072,Dairis Bertans
24242,DaJuan Coleman
1617,DaJuan Summers
28998,Dakarai Allen
24676,Dakari Johnson
3954,Dallas Lauderdale
6592,Dalton Pepper
88823,Damari Milstead
13021,Damen Bell-Holter
42379,Damian Jones
13809,Damian Lillard
8222,Damian Saunders
27710,Damien Inglis
107341,Damien Jefferson
295,Damien Wilkins
24289,Damien Wilson
2260,Damion James
56784,Damonte Dodd
61212,Damon Wilson
29195,Damyean Dotson
2442,Daniel Clark
81039,D'Angelo Allen
24201,D'Angelo Harrison
41490,D'Angelo Russell
900,Dan Grunfeld
9387,Daniel Alexander
9385,Daniel Bejarano
22634,Daniel Coursey
25833,Daniel Diez
97090,Daniel Gafford
52031,Daniel Giddens
1667,Daniel Hackett
42072,Daniel Hamilton
1058,Daniel Horton
3165,Daniel Kickert
27965,Daniel Mayr
3744,Daniel Miller
24260,Daniel Ochefu
2257,Daniel Orton
58243,Daniel Robinson
24710,Daniel Trist
75764,Daniil Kasatkin
29724,Danilo Andusic
92190,Danilo Djurick
1911,Dan Nwaelele
242,Danny Granger
1642,Danny Green
107691,Danny Lewis
15779,Dan Oppland
1650,Dante Cunningham
28245,Dante Exum
24662,Danuel House
28241,Darcy Malone
97683,Darien Williams
9264,Darington Hobson
56852,Darin Johnson
28813,Darion Atkins
24342,Dario Saric
87274,Darius Banks
57202,Darius Carter
81685,Darius Garland
85887,Darius Hicks
6156,Darius Johnson-Odom
2364,Darius Miller
3902,Darius Morris
329,Darius Washington
191,Darko Milicic
25028,Darko Planinic
820,Darnell Jackson
785,Darrell Arthur
3525,Darrel Mitchell
1637,Darren Collison
81201,Darreon Reddick
19280,Darrion Pellum
28956,Darrun Hilliard
6594,Darryl Bryant
873,Darryl Watkins
1669,Dar Tucker
1871,DaShaun Wood
86022,Dashawn McDowell
89992,DaShawn Robinson
15428,D'Aundray Brown
22408,Davante Gardner
43570,David Brembley
88788,David Caraher
8080,David Gomez
13882,David Holston
4802,David Huertas
27998,David Jelinek
3522,David Kool
44581,David Laury
164,David Lee
3956,David Lighty
1901,David Lucas
33294,David Michaels
29325,David Michineau
1729,David Moss
99,David Noel
796,David Padgett
1888,David Simon
74459,David Sloan
81699,David Sloan (No NCAA)
8325,David Stockton
1927,David Teague
2207,David Wear
458,David West
31101,Davion Berry
89964,Davion Mitchell
27871,Davis Geks
83912,Davon Dillard
1877,Davon Jefferson
41448,Davon Reed
30403,DaVonte Lacy
45849,Davon Usher
1850,Dawan Robinson
59503,De'Aaron Fox
74086,DeAndre Ayton
49891,DeAndre' Bembry
24636,DeAndre Daniels
86000,DeAndre Hunter
802,DeAndre Jordan
7818,DeAndre Kane
5713,DeAndre Liggins
1710,De'Angelo Alexander
4715,DeAngelo Casto
88783,DeAundre Ballard
73141,Dedric Lawson
4806,Dee Bost
111,Dee Brown
9277,Dejan Musli
39611,Dejan Todorovic
1728,Deji Akindele
88751,DeJon Jarreau
73136,Dejounte Murray
1611,DeJuan Blair
256,Delonte West
56842,Delon Wright
10632,Delroy James
5535,Delvon Johnson
2358,Delvon Roe
2192,DeMarcus Cousins
872,DeMarcus Nelson
1605,DeMar DeRozan
1631,DeMarre Carroll
1938,Demetric Bennett
2506,Demetri McCamey
16,Demetris Nichols
10816,Demetrius Conger
43395,Demetrius Jackson
22910,De'Mon Brooks
12267,Demonte Harper
3677,Demontez Stitt
73139,Deng Adel
1126,Deng Gai
80788,Deng Leek
107,Denham Brown
4066,Denis Clemente
27682,Denis Krestinin
26503,Dennis Schroder
72281,Dennis Smith
26145,Denys Lukashov
4286,Denzel Bowles
58882,Denzel Livingston
44077,Denzel Valentine
23388,Deonte Burton
2324,Deon Thompson
2365,DeQuan Jones
85607,Derek Funderburk
8343,Derek Raivio
28227,Derek Willis
76742,De'Riante Jenkins
54840,De'Ron Davis
824,Deron Washington
60,Deron Williams
1621,Derrick Brown
2581,Derrick Caracter
2191,Derrick Favors
28286,Derrick Griffin
59508,Derrick Jones
1862,Derrick Low
28967,Derrick Randall
756,Derrick Rose
88776,Derrick Walker
37900,"Derrick Walton, Jr."
61344,Derrick White
6644,Derrick Williams
30443,Derrick Wilson
473,Derrick Zimmerman
54837,Derryck Thornton
57206,D'Erryl Williams
3692,Derwin Kitchen
2381,Deshaun Thomas
3789,DeShawn Painter
2388,DeShawn Sims
28811,Desmond Hubert
874,Desmon Farmer
81048,Detrick Mostella
24186,Deuce Bello
2529,Devan Downey
105354,Devante Carter
52038,Devearl Ramsey
28801,Deville Smith
41438,Devin Booker
2302,Devin Ebanks
276,Devin Harris
88834,Devin Newton
52053,Devin Robinson
41436,Devin Williams
2419,Devoe Joseph
9392,Devon Collier
107354,Devon Daniels
817,DeVon Hardin
23638,Devon Saddler
88884,Devontae Shuler
24667,Devonta Pollard
41320,Devonte' Graham
85877,Devonte Green
28458,Devon Van Oostrum
22342,Devyn Marble
74082,Dewan Huell
28991,Dewayne Dedmon
4141,Dexter Pittman
73162,Deyonta Davis
24182,Dez Wells
105345,Dhamir Cosby-Roundtree
41493,Diamond Stone
1776,Diamon Simpson
4175,Diante Garrett
41638,Diego Flaccadori
156,Dijon Thompson
85732,Dikymbe Martin
53413,Dillon Brooks
85631,Dillon Mitchell
25001,Dimitris Katsivelis
869,Dion Dowell
2392,Dion Harris
1635,Dionte Christmas
9280,Dion Waiters
52354,Dion Wiley
2554,Dior Lowhorn
764,D.J. Augustin
11588,D.J. Cooper
22732,D.J. Covington
74072,Djery Baptiste
9425,D.J. Gay
81689,D.J. Harvey
88120,D.J. Heath
73143,D.J. Hogg
22883,D.J. Newbill
2386,D.J. Richardson
6722,D.J. Seeley
7867,D.J. Stephens
15,D.J. Strawberry
81705,DeShang Williams-Weaver
59510,D.J. Williams
79864,D.J. Wilson
24073,Dimitry Khvostov
24788,Dimitry Kuligan
122083,Doc Nelson
33381,Domas Sabonis
24649,Dominic Artis
1747,Dominic James
52557,Dominic Magee
23,Dominic McGuire
8878,Dominic Waters
41437,Dominic Woodson
9358,Dominique Ferguson
50098,Dominique Hawkins
6412,Dominique Jones
1939,Dominique Kirk
89515,Dominique Matthews
13022,Dominique Morrison
58255,Dominique Reid
24174,Dom Pointer
105347,Dominick Welch
6016,Donald Little
2558,Donald Sloan
76937,Donovan Mitchell
73160,Donta Hall
1857,Dontaye Draper
41319,Donte Clark
84005,Donte Fitzpatrick
784,Donte Greene
12046,Donte Poole
59514,Doral Moore
1925,D'or Fischer
24159,Dorian Finney-Smith
7107,Doron Lamb
23478,Doug McDermott
2747,Doug Wrenn
24778,Dovydas Redikas
41582,Dragan Bender
2678,Drago Pasalic
2369,Draymond Green
3952,Drew Crawford
2412,Drew Gordon
1943,Drew Lavender
1746,Drew Neitzel
18869,Drew Williamson
88873,D'Shawn Schwartz
41399,Duane Wilson
61616,Duo Meng
2379,Durand Scott
2359,Durrell Summers
26141,Dusan Cantekin
56881,Dustin Hogue
1873,Dustin Salisbery
24269,D'Vauntes Smith-Rivera
76232,Dwayne Bacon
2546,Dwayne Collins
4811,Dwayne Curtis
42551,Dwayne Davis
255,Dwayne Jones
893,Dwayne Mitchell
42369,Dwayne Morgan
22412,Dwayne Polee II
6469,Dwight Hardy
376,Dwight Howard
2312,Dwight Lewis
9346,Dwight Powell
450,Dwyane Wade
1974,Dylan Page
75657,Dzanan Musa
1619,Earl Clark
5579,Earnest Ross
1885,Ebi Ere
41443,E.C. Matthews
2174,Ed Davis
925,Eddie Basden
51978,Eddie Ekiyor
1966,Eddy Fobbs
24781,Edgaras Ulanovas
49448,Edin Atic
52565,Edmond Sumner
74079,Ed Morrow
25960,Edo Muric
12047,Edward Daniel
2423,Edwin Jackson
10178,Edwin Ubiles
25053,Eimantas Bendzius
56698,E.J. Floreal
76238,EJ Montgomery Jr.
6768,E.J. Singler
1754,Ekene Ibekwe
4037,Ekpe Udoh
52564,Elbert Robinson III
26508,Eleftherios Bochoridis
31736,Elfrid Payton
56828,Elgin Cook
8327,Elias Harris
4440,Eli Holman
88964,Elijah Hardy
4197,Elijah Johnson
104929,Elijah Landrum
53412,Elijah Thomas
6141,Ellis Myles
10160,Elmedin Kikanovic
6967,Elston Turner
320,Emeka Okafor
1662,Emir Preldzic
32668,Emir Sulejmanovic
24382,Emmanouil Koukoulas
24680,Emmanuel Mudiay
9273,Enes Kanter
4028,Erek Hansen
22409,Eric Atkins
5714,Eric Bledsoe
1954,Eric Boateng
88731,Eric Curry
52572,Eric Davis
22923,Eric Ferguson
762,Eric Gordon
22618,Eric Griffin
86035,Eric Hester
1961,Eric Hicks
3715,Erick Green
27642,Eric Lombardi
1616,Eric Maynor
57582,Eric Mika
23255,Eric Moreland
80338,Eric Paschall
58057,Eric Stuteville
2017,Eric Williams
1120,Erik Daniels
2384,Erik Murphy
29930,Erjon Kastrati
45185,Eron Gordon
128,Ersan Ilyasova
4805,Erving Walker
73146,Esa Ahmad
88789,Ethan Chargois
89990,Ethan Telfair
88903,Ethan Thompson
2354,E'Twaun Moore
84009,Evan Boudreaux
24346,Evan Fournier
2575,Vaggelis Sakellariou
105379,Evan Gilyard
24293,Evan Nolte
57576,Evan Payne
9378,Evan Smotrycz
2325,Evan Turner
3171,Misan Nikagbatse
7105,Fab Melo
33375,Federico Mussini
2574,Fernando Raposo
5962,Festus Ezeli
26106,Filip Covic
18598,Folarin Campbell
75699,Fotis Kapris
367,Francisco Garcia
1858,Frank Elegar
9583,Frank Hassell
83906,Frank Howard
76759,Frank Jackson
28751,Frank Kaminsky
56870,Frank Mason
57622,"Frank Williams, Jr."
6610,Frank Young
2040,Frans Steyn
44094,Fred VanVleet
9413,Fuquan Edwin
72297,Gabe Stefanini
26669,Gabriel Deck
91764,Gabriel Maric
28758,Gabriel Olaseni
91699,Galen Alexander
2161,Gani Lawal
56772,Garland Owens
1658,Garret Siler
7559,Garrett Stutz
3911,Garrick Sherman
104920,Garrison Brooks
24203,"Gary Bell, Jr."
79987,Gary Clark
2549,Gary Flowers
1726,Gary Forbes
9298,"Gary Franklin, Jr."
24252,Gary Harris
6231,Gary McGhee
10568,Gary Neal
80992,Gary Payton II
88908,"Gary Trent, Jr."
9216,Gary Wilkinson
85795,Gavin Baxter
4353,Gavin Edwards
3807,Gavin Grant
6286,Geoff McDermott
62213,George de Paula
780,George Hill
42429,Georges Niang
2566,Giogos Bogris
354,Gerald Green
1606,Gerald Henderson
9585,Gerald Lee
92808,Gerald Liddell
92808,Gerald Liddell (No NCAA)
5659,Gerald Robinson
9355,Gerard Coleman
9357,Geron Johnson
947,Gerry McNamara
2436,Gigi Datome
6232,Gilbert Brown
22437,Gilvydas Biruta
2602,Giorgi Shermadini
4,Glen Davis
28500,Glenn Robinson
3745,Glen Rice
72602,Glynn Watson
52562,Goodluck Okonoboh
8226,Gordon Hayward
22403,Gorgui Dieng
75746,Grantas Vasiliauskas
24246,Grant Jerrett
74075,Grant Troutt
52340,Grayson Allen
2010,Greg Brunner
88110,Greg Floyd
12707,Greg Mangano
2178,Greg Monroe
1,Greg Oden
94060,Gregory Eboigbodin
63475,Gregory Smith
8805,Greg Smith
2327,Greivis Vasquez
26573,Guillem Vives
22336,Guy-Marc Michel
73134,Haanif Cheatham
193,Hakim Warrick
56833,Hallice Cooke
6320,Hamady Ndiaye
104916,Hameir Wright
88100,Hamidou Diallo
1936,Haminn Quaintance
28224,Hanlin Dong
2372,Harrison Barnes
81681,Harrison Butler
50939,Harry Giles
1597,Hasheem Thabeet
49886,Hassan Martin
7693,Hassan Whiteside
59020,Hayward Register
1663,Henk Norel
54842,Henry Ellenson
61308,Henry Shortess
2371,Henry Sims
13,Herbert Hill
105363,Herb Jones
2360,Herb Pope
2064,Herve Lamizana
80,Hilton Armstrong
4069,Hollis Price
6088,Hollis Thompson
59515,Horace Spencer
29419,Howard Sant-Roos
76665,Howard Washington
26965,Hristo Zahariev
26496,Hugo Invernizzi
24196,Hunter Mickelson
14156,Ian Clark
9302,Ian Miller
2642,Ian Vougioukas
76980,Ibrahim Doumbia
1741,Ibrahim Jaaber
58508,I.J. Ready
85735,Ike Anigbogu
94,Ike Diogu
117501,Ike Eke
56855,Ike Iroegbu
85879,Ikenna Ndugba
88841,Ike Obiagu
32544,Ilja Gromovs
26136,Ilkan Karaman
2183,Iman Shumpert
104347,Imannuel Allen
27663,Ioannis Papapetrou
81693,Ira Lee
85634,Iran Bennett
52346,Isaac Copeland
28767,Isaac Fotu
79907,Isaac Haas
24316,Isaac Hamilton
54857,Isaac Humphries
6562,Isaiah Armwood
24243,Isaiah Austin
41489,Isaiah Briscoe
12049,Isaiah Canaan
42414,Isaiah Cousins
9394,Isaiah Epps
54263,Isaiah Hartenstein
24324,Isaiah Hicks
132299,Isaiah Kelly
114402,Isaiah Lewis
42846,Isaiah Miles
88899,Isaiah Stokes
22857,Isaiah Sykes
56862,Isaiah Taylor
4711,Isaiah Thomas
42078,Isaiah Whitehead
88795,Ishmael El-Amin
81536,Ishmail Wainright
3665,Ish Smith
88126,Isiah Jasey
104351,Israel Barnes
44335,Itay Segev
1942,Ivan Harris
2706,Ivan Koljevic
1032,Ivan McFarlin
41495,Ivan Rabb
2001,Ivan Radenovic
28018,Izzet Turkyilmaz
27074,Jabari Bird
24164,Jabari Brown
24369,Jabarie Hinds
24302,Jabari Parker
24220,Jabril Trawick
6196,Jack Cooley
350,Jackie Butler
7294,Jackie Carmichael
1687,Jack McClinton
414,Jackson Vroman
88124,Jacob Hughes
4073,Jacob Pullen
22407,Jae Crowder
89959,Jaedon LeDee
52353,Jae'sean Tate
89386,Jagan Mosley
24183,Jahii Carson
24685,Jahlil Okafor
2633,Jahsha Bluntt
71572,Jahvon Blair
104826,Jahvon Quinerly
18607,Jai Lewis
25825,Jaime Fernandez
4827,Jaime Lloreda
2310,JaJuan Johnson
41441,Jajuan Johnson (Marquette)
924,JaJuan Smith
26124,Jaka Blazic
24067,Jaka Klobucar
24175,JaKarr Sampson
21201,Jake Cohen
52551,JaKeenan Gant
41248,Jake Layman
73132,Jake Lindsey
7353,Jake Odum
53231,Jakob Poeltl
85960,Jakolby Long
32413,Jakub Parzenski
29282,Jakub Wojciechowski
73054,Jaleel Cousins
57852,Jaleen Smith
76234,Jalek Felton
73153,Jalen Adams
52545,Jalen Brunson
54834,Jalen Coleman-Lands
88122,Jalen Hill
41491,Jalen Lindsey
53414,Jalen Poyser
57600,Jalen Richard
106882,Jalin Hart
81031,Jalyn Patterson
23977,Jamaal Franklin
895,Jamaal Tatum
4722,Jamaal Williams
9354,Jamail Jones
24194,Jamal Branch
88128,Jamal Johnson
28804,Jamal Jones
49976,Jamal Murray
20554,Jamal Olasewere
81357,Jamal Williams
1916,Jamar Butler
72592,Jamar Ergas
8160,Jamarr Sanders
17608,Jamar Wilson
388,Jameer Nelson
24648,Jamel Artis
18501,Jamelle Hagins
2158,James Anderson
104,James Augustine
88785,James Banks
9307,James Bell
27314,Metecan Birsen
52355,"James Blackmon, Jr."
31122,James Ennis
14479,James Florence
819,James Gist
1598,James Harden
2008,James Hughes
1604,James Johnson
477,James Jones
476,James Lang
14685,James Lewis
905,James Mays
9304,James McAdoo
9116,James Moore
24300,James Robinson
6524,James Southerland
57247,James Webb III
42561,James Woodard
24681,James Young
4400,Jamie Skeen
2543,Jamil Wilson
6272,Jamine Peterson
76748,Jamir Harris
1863,Jamon Lucas
2187,JaMychal Green
63316,Janis Berzins
24588,Janis Strelnieks
24824,Janis Timma
41488,JaQuan Lyle
52561,Ja'Quan Newton
85624,JaQuori McLaughlin
3999,Jared Berggren
6804,Jared Cunningham
44,Jared Dudley
1722,Jared Homan
28,Jared Jordan
1983,Jared Newson
71806,Jared Nickens
937,Jared Reiner
2375,Jared Sullinger
42283,Jared Terrell
23553,Jarell Eddie
41442,Jarell Martin
24686,Jaren Sina
24264,Jarnell Stokes
42292,Jaron Blossomgame
105365,Jaron Faulds
42783,Jaron Johnson
76237,Jarred Vanderbilt
85599,Jarrett Allen
366,Jarrett Jack
6413,Jarrid Famous
4084,Jarrius Jackson
11378,Jarrod Jones
24236,Jarrod Uthoff
85927,Jarron Cumberland
83970,Jarvis Johnson
24357,Jarvis Threatt
2326,Jarvis Varnado
23222,Jason Brickman
4417,Jason Cain
12803,Jason Clark
2090,Jason Gardner
467,Jason Kapono
8624,Jason Keep
4102,Jason Klotz
10159,Jason Love
198,Jason Maxiell
9365,Jason Morris
797,Jason Richards
51,Jason Smith
10056,Jason Washburn
773,JaVale McGee
33246,Javan Felix
49,Javaris Crittenton
89383,Javin DeLaurier
23955,Javon McCrea
81700,Javonte Smart
916,Jawad Williams
73147,Jawun Evans
1795,Jaycee Carroll
85635,Jayce Johnson
80385,Jaylen Adams
52544,Jaylen Brown
85589,Jaylen Fisher
81688,Jaylen Hands
52553,Jaylen Johnson
88837,Jaylen Nowell
24652,Jay Simpson
24591,Jayson Granger
52034,Jayson Tatum
7112,Jayvaughn Pinkston
4280,J'Covan Brown
1641,Jeff Adrien
3707,Jeff Allen
1636,Jeff Ayres
89016,Jeff Dowtin
4807,Jeffery Taylor
10166,Jeff Foote
37,Jeff Green
1996,Jeff Horner
4019,Jeff Newton
1614,Jeff Teague
4518,Jeff Withey
4030,Je'Kel Foster
9414,Jelani Hewitt
7115,Jelan Kendrick
42416,Je'lon Hornbeak
87270,Jemarl Baker
3678,Jerai Grant
24661,Jerami Grant
1638,Jerel McNeal
7102,Jereme Richmond
30340,Jeremiah Davis III
5073,Jeremiah Rivers
88907,Jeremiah Tilmon
123104,Jeremiah Toney
2007,Jeremy Hunt
22394,Jeremy Lamb
10168,Jeremy Lin
73164,Jeremy Miller
1701,Jeremy Pargo
58051,Jeremy Senglin
2373,Jeremy Tyler
107037,Jeriah Horne
9389,Jerian Grant
5963,Jermaine Beal
1138,Jermaine Boyette
85628,Jermaine Haley
41496,Jermaine Lawrence
88869,Jermaine Samuels
1629,Jermaine Taylor
5,Jermareo Davidson
469,Jerome Beasley
51972,Jerome Desrosiers
2311,Jerome Jordan
4710,Jerome Randle
765,Jerryd Bayless
2126,Jerry Holman
16140,Jesse Sanders
59513,Jessie Govan
25244,Jet Chang
40,Jianlian Yi
84453,Jimbo Lull
9263,Jimmer Fredette
24683,Jimmie Taylor
1718,Jimmy Baron
6160,Jimmy Butler
76757,Jimmy Whitt
1766,Jiri Hubalek
22852,J.J. Avila
298,J.J. Barea
85639,J.J. Caldwell
104918,J.J. Chandler
22614,J.J. Mann
76,J.J. Redick
24282,J-Mychal Reese
112853,Jo Acuil
1969,Joah Tucker
50,Joakim Noah
72292,Joan Bernacer
25969,Joan Sastre
24689,Jodan Price
1644,Jodie Meeks
763,Joe Alexander
58192,Joe Boyd
823,Joe Crawford
23549,Joe Harris
1683,Joe Ingles
7117,Joe Jackson
41333,Joel Berry
45041,Joel Bolomboy
15418,Joel Cornette
49880,Joel Embiid
6759,Joe Shipp
76979,Joe Toye
3767,Joe Trapani
86024,Joey Brunk
806,Joey Dorsey
362,Joey Graham
22869,Joe Young
88896,Joey St. Pierre
24383,Joffrey Lauvergne
28180,Johannes Lischka
25880,Johannes Voigtmann
56877,Johnathan Motley
22895,John Bohannon
9593,John Bowler
1811,John Bryant
83940,John Collins
84822,John Crosby
1051,John Edwards
58683,John Fenton
2521,John Gilchrist
2209,John Henson
17700,John Holland
2377,John Jenkins
361,John Lucas
24170,Johnny O'Bryant
88850,John Petty
2591,John Reik
3940,John Shurna
2195,John Wall
42067,Jonah Bolden
32990,Jonas Bergstedt
7186,Jonathan Cox
24198,Jonathan Holmes
85618,Jonathan Isaac
89125,Jonathan Jean
97448,Jonathan Milligan
2559,Jonathan Tavernari
1861,Jonathan Wallace
81429,Jonathan Wilkins
30740,Jonathon Simmons
1645,Jon Brockman
2361,Jon Diebler
13041,Jon Dunn
4000,Jon Leuer
1602,Jonny Flynn
1947,Jon Scheyer
89430,Jontay Porter
1838,Jonte Flowers
26486,Joonas Caven
22521,Jordair Jett
24296,Jordan Adams
23246,Jordan Bachynski
42069,Jordan Bell
81679,Jordan Brown
58785,Jordan Capps
22892,Jordan Clarkson
4441,Jordan Crawford
84094,Jordan Dartis
7460,Jordan Eglseder
91,Jordan Farmar
88801,Jordan Goodwin
1603,Jordan Hill
2277,Jordan Hulls
41444,Jordan Mathews
52558,Jordan McLaughlin
9345,Jordan McRae
28236,Jordan Mickey
88853,Jordan Poole
9289,Jordan Price
88872,Jordan Schakel
57158,Jordan Swopshire
4001,Jordan Taylor
6373,Jordan Theodore
88909,Jordan Tucker
3731,Jordan Williams
41400,Jordan Woodard
76944,Jordy Tshimanga
6724,Jorge Gutierrez
25973,Josep Franch
1867,Joseph Jones
24221,Joseph Uchebo
2578,Josh Akognon
105357,Josh Anderson
24048,Josh Bostic
1771,Josh Carter
310,Josh Childress
52347,Josh Cunningham
3786,Josh Davis
1717,Josh Duncan
5715,Josh Harrellson
41440,Josh Hart
1630,Josh Heytvelt
297,Josh Howard
23259,Josh Huestis
52032,Josh Jackson
54851,Josh Langford
6,Josh McRoberts
24693,Josh Newkirk
6855,Josh Owens
52563,Josh Perkins
790,Josh Powell
83908,Josh Reaves
42505,Josh Scott
7111,Josh Selby
312,Josh Smith
81692,Joshua LeBlanc
24166,Josiah Turner
23370,Joston Thomas
29730,Jovan Novak
8347,J.P. Batista
24272,J.P. Tokoto
781,J.R. Giddens
57316,J.R. Hobbie
123,J.R. Pinnock
3808,J.R. Reynolds
1615,Jrue Holiday
9350,J.T. Terrell
10876,Juan Fernandez
18351,Juan Mendez
5742,Jules Camara
11540,Julian Mavunga
56675,Julian Moore
24202,Julian Royal
30795,Julian Washburn
31,Julian Wright
24218,Julien Lewis
31323,Julius Brown
365,Julius Hodge
3779,Julius Mays
24301,Julius Randle
8270,Julyan Stone
24291,Justin Anderson
80118,Justin Bibbs
1895,Justin Cage
3925,Justin Cobbs
52571,Justin Coleman
10925,Justin Doellman
1928,Justin Gray
2127,Justin Hamilton
9475,Justin Hamilton (Iowa State)
10687,Justin Harper
1785,Justin Hawkins
6968,Justin Holiday
8115,Justin Hurtt
23601,Justin Jackson
24674,Justin Jackson (North Carolina)
41335,Justin Jackson (Maryland)
41324,Justin Jenifer
9349,Justin Martin
10155,Justin Neuhaus
83954,Justin Patton
88860,Justin Roberts
72686,Justin Simon
44100,Justin Tuoyo
351,Justin Williams
30323,Justise Winslow
98395,Justyn Hamilton
32965,Jusuf Nurkic
23685,Juvonte Reddic
59512,Juwan Durham
23972,"Juwan Howard, Jr."
89396,Juwan McCloud
9368,Juwan Staten
32975,Kadeem Allen
6274,Kadeem Batts
109373,Kaelen Malone
10645,Kahiem Seawright
24248,Kaleb Tarczewski
88920,Kaleb Wesson
51976,Kalif Young
2313,Kalin Lucas
56997,Kamall Richards
52546,Kameron Chatman
85679,Kameron McGusty
2011,Kammron Taylor
56673,Kam Williams
22703,Kareem Jamar
39311,Karl-Anthony Towns
31629,Karl Cochran
58252,Karonn Davis
28237,Karviar Shepherd
24317,Kasey Hill
71578,Kassoum Yakwe
24299,Katin Reinhardt
2256,Kawhi Leonard
57281,Kay Felder
3681,K.C. Rivers
9297,Keala King
24224,Kedren Johnson
4771,Kee-Kee Clark
80278,Keenan Evans
30901,Keifer Sykes
7110,Keith Appling
9732,Keith Benson
475,Keith Bogans
2348,Keith Brumbaugh
8207,Keith Clanton
24307,Keith Frazier
4368,Keith Haynes
31196,Keith Hornsby
332,Keith Langford
84233,Kejuan Johnson
80516,Kelan Martin
42819,Kellen Dunham
8330,Kelly Olynyk
52352,"Kelly Oubre, Jr."
6389,Kelly Whitney
2717,Kelvin Pena
2181,Kemba Walker
23606,Kendall Gray
24645,Kendall Jones
7113,Kendall Marshall
73149,Kendall Small
22373,Kendall Williams
24684,Kendrick Nunn
23765,Kendrick Perry
20457,Ken Horton
24679,Kennedy Meeks
2303,Kenneth Faried
1165,Kenny Adeleke
2206,Kenny Boynton
56876,Kenny Chery
1803,Kenny Hasbrouck
5633,Kenny Kadji
24664,Kenny Kaminski
10580,Kenny Smith
73156,Kenny Williams
41428,Kentan Facey
24162,Kentavious Caldwell-Pope
18858,Kent Bazemore
58249,Kentrall Brooks
1839,Kentrell Gransberry
30865,Kenyatta Smith
89196,Keshawn Saunders
83907,Kevarrius Hayes
73154,Kevaughn Allen
9603,Kevin Anderson
2272,Kevin Dillard
34,Kevin Durant
28282,Kevin Harley
89387,Kevin Huerter
2370,Kevin Jones
91700,Kevin Knox
882,Kevin Kruger
760,Kevin Love
11827,Kevin Murphy
10158,Kevin Palmer
24345,Kevin Pangos
1092,Kevin Pittsnogle
41494,Kevon Looney
88797,KeyShawn Feazell
92811,Kezo Brown
32644,Khadeem Lattin
52343,Khadeen Carrington
121595,Khalea Turner-Morris
10877,Khalif Wyatt
24151,Khem Birch
4294,Khris Middleton
34356,Killian Larson
88812,Kimani Lawrence
4216,Kim English
73157,King McClure
212,Kirk Hinrich
1063,Kirk Penney
385,Kirk Snyder
74070,K.J. Lawson
28823,K.J. McDaniels
4717,Klay Thompson
25956,Klemen Prepelic
76235,Kobi Simmons
51977,Koby McEwen
88767,Kodye Pugh
1957,Korvotney Barber
93018,Kostas Antetokounmpo
25005,Kostas Papanikolaou
28240,Kris Dunn
383,Kris Humphries
6525,Kris Joseph
88923,Kris Wilkes
9384,K.T. Harrell
24304,Kuran Iverson
8641,Kwame Vaughn
76753,Kwe Parker
76405,Kyle Alexander
24265,Kyle Anderson
12551,Kyle Casey
6649,Kyle Fogg
76387,Kyle Guy
1712,Kyle Hines
478,Kyle Korver
6122,Kyle Kuric
81004,Kyle Kuzma
1731,Kyle McAlarney
19543,Kyle O'Quinn
2151,Kyle Singler
1832,Kyle Visser
41435,Kyle Washington
7410,Kyle Weems
82101,Kyle Williams
24155,Kyle Wiltjer
24172,Ky Madden
7118,Kyrie Irving
6650,Kyryl Natyazhko
4067,LaceDarius Dunn
28968,LaDontae Henton
18608,Lamar Butler
66,LaMarcus Aldridge
6235,Lamar Patterson
92818,Lamar Peters
85596,Lamar Stevens
85620,Lamonte Turner
2540,Lamont Jones
2196,Lance Stephenson
24657,Landen Lucas
3727,Landon Milbourne
6856,Landry Fields
22568,Langston Galloway
22629,Langston Hall
24185,LaQuinton Ross
5308,LaRon Dendy
16623,Larry Anderson
2172,Larry Drew
30624,"Larry Nance, Jr."
1986,Larry O'Bannon
60042,Larry Richardson
2198,Larry Sanders
88113,Latravian Glover
4217,Laurence Bowers
10183,Laurence Ekperigin
54347,Laurynas Birutis
76750,"Lavar Batts, Jr."
2093,LaVell Blanchard
1781,Lawrence Hill
8165,Lawrence Kinnard
146,Lawrence Roberts
3920,Lawrence Westbrook
2308,Lazar Hayward
9331,Lazeric Jones
250,LeBron James
24147,Le'Bryan Nash
1770,Lee Cummard
85671,Leland Green
1647,Leo Lyons
24372,Leon Radosevic
11607,Leon Williams
25857,Leo Westermann
41492,Leron Black
4013,Lester Abram
1690,Lester Hudson
81535,Lester Medford
24171,Levi Randolph
16168,Levon Alston
2351,Lewis Clinch
25889,Lynos Chrisikopoulos
108476,Lionel Figueroa
26494,Livio Jean-Charles
71571,L.J. Peak
24261,L.J. Rose
1802,Longar Longar
88916,Lonnie Walker
59501,Lonzo Ball
7622,Loren Stokes
2382,Lorenzo Brown
1750,Lorrenzo Wade
868,Lou Amundson
104401,Louis King
27509,Louis Labeyrie
91763,Louis Rucklin
30661,Lucas Alves
26688,Lucas Dias
27048,Lucas Mariano
24240,Lucas Nogueira
4179,Lucca Staiger
131245,Kevin Cheatam
786,Luc Mbah a Moute
32962,Ludvig Hakanson
2328,Ludovic Vaty
417,Luis Flores
105833,Luis Hurtado
84016,Luis Santos
72294,Luka Kotrulija
2185,Luke Babbitt
105352,Luke Garza
2307,Luke Harangody
380,Luke Jackson
42084,Luke Kennard
83928,Luke Maye
284,Luke Ridnour
997,Luke Schenscher
8480,Luke Sikma
468,Luke Walton
323,Luol Deng
176,Luther Head
2203,Maalik Wayns
822,Maarty Leunen
26995,Maik Zirbes
24581,Daryl Dorsey
2028,Major Wingate
73163,Makol Mawien
53252,Maksim Salash
49322,Malachi Richardson
24209,Malcolm Brogdon
2301,Malcolm Delaney
24192,Malcolm Gilbert
56659,Malcolm Hill
2182,Malcolm Lee
2560,Malcolm Thomas
8290,Malik Alvin
73131,Malik Beasley
815,Malik Hairston
24313,Malik Martin
52554,Malik Monk
52036,Malik Newman
80946,Malik Pope
3857,Malik Story
6930,Mamadou Diarra
88087,Mamadou Diarra (Connecticut)
117673,Mamadou Kamara
41432,Mamadou Ndiaye
2426,Mamadou Samb
3713,Manny Atkins
2279,Manny Harris
105367,Manny Patterson
32757,Manu Lecomte
2030,Marcellus Sommerville
1730,Marcelus Kemp
145,Marcin Gortat
24321,Marc Loving
1823,Marco Killingsworth
24746,Marcos Delia
31744,Marcos Knight
907,Marcus Campbell
92187,Marcus Carr
1758,Marcus Cousin
4218,Marcus Denmon
73159,Marcus Derrickson
416,Marcus Douthit
1713,Marcus Dove
77,Marcus D. Williams
26852,Marcus Eriksson
59224,Marcus Foster
24663,Marcus Georges-Hunt
2306,Marcus Ginyard
1846,Marcus Hall
1104,Marcus Hatten
1810,Marcus Landry
41431,Marcus Lee
3812,Marcus Melvin
2725,Marcus Moore
4078,Marcus Morris
24262,Marcus Paige
891,Marcus Slaughter
24275,Marcus Smart
1634,Marcus Thornton
31272,Marcus Thornton (William &amp; Mary)
88,Mardy Collins
1988,Mario Boggan
54835,Mario Kegler
26547,Marius Grigonis
9283,Markel Brown
85903,Markelle Fultz
88807,Markell Johnson
9372,Markel Starks
4191,Markieff Morris
10917,Mark Lyons
4487,Mark McLaughlin
2656,Marko Lekic
26834,Marko Lukovic
65719,Marko Pecarski
2685,Marko Tomas
16734,Mark Payne
1870,Mark Tyndale
81690,Markus Howard
28957,Markus Kennedy
2047,Marlon Parmer
74080,Marques Bolden
72600,Marquese Chriss
36877,Marquis Brown
243,Marquis Daniels
4787,Marquis Estill
4185,Marquis Gilstrap
24635,Marquis Rankin
9305,Marquis Teague
9457,Marqus Blakely
10061,Marshall Henderson
24177,Marshall Plumlee
5540,Marshawn Powell
6276,MarShon Brooks
63,Martell Webster
11301,Martin Coy
2714,Martin Iti
1882,Martin Zeno
141,Martynas Andriuskevicius
81676,Marvin Bagley III
2094,Marvin Stone
59,Marvin Williams
2214,Mason Plumlee
24344,Mateusz Ponitka
2424,Matias Nocedal
271,Matt Bonner
2218,Matt Bouldin
318,Matt Carroll
81682,Matt Coleman
8530,Matt Dellavedova
408,Matt Freije
3565,Matt Gatens
2033,Matt Haryasz
6969,Matthew Bryan-Amaning
85614yer,Matt Moyer
24318,Matt Jones
74076,Matt McQuaid
72593,Matt Neufeld
23974,Matt Stainbrook
72278,Matur Maker
89,Maurice Ager
24180,Maurice Harkless
14660,Maurice Kemp
57363,Maurice Ndour
6564,Maurice Sutton
9404,Maurice Walker
72280,Maverick Rowan
72280,Maverick Rowan (NC State)
27060,Maxi Kleber
42075,Melo Trimble
23288,Melvin Ejim
83909,Melvin Frazier
26586,Metin Turen
9270,Meyers Leonard
1769,Micah Downs
107257,Micah Thomas
757,Michael Beasley
1739,Michael Bramos
24158,Michael Carter-Williams
24190,Michael Chandler
24284,Michael Frazier
24168,Michael Gbinije
9290,Michael Kidd-Gilchrist
81696,"Michael Porter, Jr."
42338,Michael Qualls
2216,Michael Snaer
1880,Michael Southall
2330,Michael Washington
54293,Michalis Lountzis
5867,Michal Ignerski
24810,Michal Michalak
75722,Michele Serpilli
4118,Michel Morandais
8531,Mickey McConnell
74077,Mickey Mitchell
24226,Mikael Hopkins
52342,Mikal Bridges
81677,Michael Barber
4984,Mike Bell
31121,Mike Caffey
9371,Mike Cobbins
33,Mike Conley
2507,Mike Davis
3577#International,Michael Dixon
2177,Mike Dunigan
23882,Mike Glover
1755,Mike Green
1139,Mike Hall
1944,Mike Jones
58751,Mike Kobani
2421,Mike Moser
17065,Mike Muscala
2190,Mike Rosario
3753,Mike Scott
24217,Mike Shaw
444,Mike Sweetney
801,Mike Taylor
2505,Mike Tisdale
42307,Mike Tobey
11168,Mike Williams
27714,Mikhail Kulagin
5505,Mikhail Torrance
45019,Mikh McKinney
52287,MiKyle Mcintosh
85724,Milan Acquaah
74071,Miles Bridges
56798,Miles Overton
3654,Miles Plumlee
1992,Mindaugas Katelynas
9729,Mindaugas Kuzminskas
25916,Mindaugas Kupsas
9743,Hailovic Miralem
87272,Mitchell Ballock
88862,Mitchell Robinson
11443,Mitchell Watt
24656,Mitch McGary
88914,M.J. Walker
88784,Mohamed Bamba
15782,Mohamed Kone
1999,Mohammed Abukar
129,Monta Ellis
48753,Montaque Gill-Caesar
24647,Montay Brandon
56883,Monte Morris
93802,Montez Mathis
93802,Montez Mathis (No NCAA)
24290,Montrezl Harrell
75563,Moritz Wagner
372,Morris Almond
24678,Moses Kingsley
22398,Moses Morgan
26500,Mouhammadou Jaiteh
2255,Mouphtaou Yarou
21303,Moussa Diagne
52574,Moustapha Diagne
29319,Moustapha Fall
228,Mo Williams
5787,Murphy Holloway
890,Mustafa Shakur
3754,Mustapha Farrakhan
59505,Mustapha Heron
84572,Mychal Mulder
8430,Mychel Thompson
24149,Myck Kabongo
1828,Mykal Riley
10170,Myke Henry
105346,Myles Cale
88794,Myles Douglas
24212,Myles Mack
91704,Myles Powell
52575,Myles Turner
24213,Naadir Tharpe
5030,NaNa Harding
1651,Nando De Colo
1991,Nate Funk
9294,Nate Lubick
161,Nate Robinson
18657,Nate Williams
13301,Nate Wolters
28809,Nathan Adrian
27050,Naz Long
81698,Nazreon Reid
32815,Nedim Buza
76666,Nelson Kaputo
2405,Nemanja Aleksandrov
24798,Nemanja Besovic
24806,Nemanja Dangubic
10176,Nemanja Gordic
25945,Nemanja Jaramaz
24807,Nemanja Krstic
24375,Nemanja Nedovic
24303,Nerlens Noel
72586,Nevell Provo
16081,Nick Barbour
292,Nick Collison
95702,Nickeil Alexander-Walker
24178,Nick Faust
18962,Nick George
28790,Nick Jacobs
24163,Nick Johnson
23935,Nick Kellogg
24677,Nick King
1694,Nick Lewis
23738,Nick Minnerath
73158,Nick Noskowiak
74508,Nikolas Pappas
86011,Nick Rakocevic
88857,Nick Richards
85606,Nick Ward
234,Nick Young
782,Nicolas Batum
25892,Nicolo Melli
2331,Nic Wise
22393,Niels Giffey
24673,Nigel Hayes
24633,Nigel Williams-Goss
2433,Nihad Djedovic
28644,Nika Metreveli
1732,Nik Caner-Medley
25924,Nikola Ivanovic
25783,Nikola Jankovic
49571,Nikola Jokic
72295,Nikola Miskovic
6925,Nikola Vucevic
2422,Nikos Pappas
26608,Nik Stauskas
31560,Nimrod Hilliard IV
84394,Noah Blackwell
73161,Noah Dickerson
24323,Noah Vonleh
81684,Nojel Eastern
51973,Nolan Narain
2154,Nolan Smith
24195,Norman Powell
15435,Norris Cole
24214,Norvel Pelle
28719,Nurideen Lindsey
84056,Nych Smith
88726,Nysier Brooks
2533,Obi Muonelo
97453,Obinna Oleka
18407,O.D. Anosike
27833,Ognjen Jaramaz
84076,Ogugua Anunoby
24828,Ojars Silins
758,O.J. Mayo
9344,Okaro White
3655,Olek Czyz
41725,Oleksandr Kobets
2417,Oleksandr Kolchenko
26004,Oleksandr Lypovyy
24723,Olivier Hanlan
72293,Olivier Sarr
8995,Olu Ashaolu
24297,Omar Calhoun
74078,Omari Spellman
22879,Omar Oraby
25203,Omar Quintero
2051,Omar Thomas
53794,Omer Yurtseven
1618,Omri Casspi
27496,Ondrej Balvin
30349,Orhan Haciyeva
8391,Orlando Johnson
28294,Orlando Sanchez
10009,Oscar Bellfield
85700,Oscar Frayer
87282,OShae Brissett
2548,Osiris Eldridge
870,Othello Hunter
24181,Otto Porter
31801,Ousmane Drame
8162,Ovie Soko
8218,Pablo Aguilar
27913,Paolo Marinelli
7961,Papa Dia
402,Pape Sow
10650,Parfait Bitee
57257,Paris Bass
41310,Parker Jackson-Cartwright
81426,Pascal Siakam
1807,Pat Calathes
24234,Pat Connaughton
799,Pat Ewing
1684,Patrick Beverley
2298,Patrick Christopher
25875,Patrick Heckmann
80940,Patrick McCaw
22461,Patrick Miller
72,Patrick O'Bryant
2152,Patrick Patterson
7104,Patric Young
33259,Patson Siame
1632,Patty Mills
1751,Paul Delaney
2305,Paul George
1664,Paul Harris
24230,Paul Jesperson
25042,Paul Lacombe
1043,Paul Miller
112,Paul Millsap
88876,Paul Scruggs
389,Pavel Podkolzin
26782,Pavlin Ivanov
52548,Payton Dastrup
59506,Payton Pritchard
24256,Perry Ellis
7116,Perry Jones
65752,Petar Raickovic
413,Peter John Ramos
56664,Peter Jok
374,Petteri Koponen
81053,Peyton Allen
2200,Peyton Siva
52543,Phil Booth
26805,Phillip Neumann
104377,Philmon Gebrewhit
9347,Phil Pressey
28285,Pierre Jackson
30564,Pierria Henry
10161,Pietro Aradori
54841,P.J. Dozier
24153,P.J. Hairston
81703,P.J. Washington
41397,Pookie Powell
1034,Pops Mensah-Bonsu
104389,Prentiss Hubb
73130,Prince Ali
24659,Prince Ibeh
24347,Przemek Karnowski
88115,Quade Green
79986,Quadri Moore
1780,Quan Prowell
59504,Quentin Goodin
28226,Quentin Snider
4130,Quincy Acy
8088,Quincy Davis
24146,Quincy Miller
24179,Quinn Cook
1734,Quinton Hosley
51967,Qyemah Gibson
85627,Raekwon Long
27992,Rafael Freire
104922,Raiquan Gray
24156,Rakeem Christmas
3770,Rakim Sanders
3922,Ralph Sampson III
9367,Ralston Turner
4810,Ramel Bradley
10882,Ramone Moore
5880,Ramon Galloway
14,Ramon Sessions
8273,Randy Culpepper
79,Randy Foye
2699,Randall Orr
75733,Rapolas Ivanauskas
3456,Rashad Anderson
1977,Rashad Jones-Jennings
360,Rashad McCants
42082,Rashad Vaughn
420,Rashad Wright
1819,Rashaun Freeman
84881,Rasheed Brooks
24258,Rasheed Sulaimon
29486,Rasid Mahalbasic
41226,Rasmus Larsen
24092,Raulzinho Neto
5839,Ravern Johnson
76386,Rawle Alkins
1053,Rawle Marshall
2284,Raymar Morgan
7106,Ray McCallum
62,Raymond Felton
83900,Raymond Spalding
85916,Ray Salnave
104917,Rayshaun Hammonds
9335,Rayvonte Rice
107347,Reed Nikko
7120,Reggie Bullock
41439,Reggie Cameron
12985,Reggie Hamilton
10156,Reggie Holmes
3801,Reggie Johnson
81695,Reginald Perry
9316,Reggie Smith
88775,Reggie Todd
1783,Reggie Williams
3631,Reginald Becton
52566,Reid Travis
73140,Re'Kwon Smith
88819,Remy Martin
20,Renaldas Seibutis
92,Renaldo Balkman
2215,Renardo Sidney
73133,Rex Pflueger
24,Reyshawn Terry
15537,Rian Pearson
23297,Ricardo Ratliffe
25895,Riccardo Moraschini
54262,Richard Freudenberg
816,Richard Hendrix
3790,Richard Howell
1714,Richard Roby
23248,Richard Solomon
42932,Richaun Holmes
1031,Rich Melzer
4727,Rick Anderson
2357,Rick Jackson
10154,Ricky Harris
24251,Ricky Ledo
403,Ricky Minard
418,Ricky Paulding
63864,Ricky Seals-Jones
24268,Rico Gathers
81059,Riley LaChance
52351,Riley Norris
42422,Rio Adams
44712,R.J. Hunter
89965,R.J. Nembhard
107061,R.J. Smith
2309,Robbie Hummel
24267,"Robert Carter, Jr."
11707,Robert Covington
331,Robert Hite
42284,Robert Hubbs III
6190,Robert Jackson
52349,Robert Johnson
6811,Roberto Nelson
26064,Roberto Rullo
8333,Robert Sacre
24651,Robert Upshaw
1688,Robert Vaden
153,Robert Whaley
90402,Robert Williams
81706,Robert Woodard
8221,Robin Benzing
953,Rob Kurz
6302,Rob McKiver
85891,Roderick Caldwell
2304,Roderick Flemings
77633,Radions Kurucs
87,Rodney Carney
9576,Rodney Green
24165,Rodney Hood
4210,Rodney McGruder
71577,Rodney Miller
82051,Rodney Moore
24250,Rodney Purvis
42,Rodney Stuckey
1627,Rodrigue Beaubois
2564,Amadou Zaki
927,Roger Powell
24785,Rokas Giedraitis
2082,Rolando Howell
25163,Rolands Freimanis
27874,Rolands Smits
84186,Roland Wyatt
407,Romain Sato
76389,Romello White
1835,Romeo Travis
5841,Romero Osby
291,Ronald Dupree
22570,Ronald Roberts
2345,Ronald Steele
30538,Ron Baker
24675,Rondae Hollis-Jefferson
1998,Ron Lewis
83,Ronnie Brewer
886,Ronnie Price
130,Ronny Turiaf
4311,Ron Slay
41447,Roschon Prince
24276,Rosco Allen
9279,Roscoe Smith
5543,Rotnei Clarke
88116,Royce Hamm
31723,Royce O'Neale
2542,Royce White
84731,Roy Hemsley
1987,Ruben Douglas
371,Rudy Fernandez
71,Rudy Gay
25858,Rudy Gobert
2568,Rudy Jomby
131199,Ruot Monyyong
104350,Russell Barlow
9361,Russell Byrd
1923,Russell Carter
8457,Russell Hicks
1704,Russell Robinson
759,Russell Westbrook
22406,Russ Smith
24207,Ryan Anderson
24274,Ryan Arcidiacono
24215,Ryan Boatright
15764,Ryan Broekhoff
136,Ryan Gomes
9292,Ryan Harrow
115,Ryan Hollins
2193,Ryan Kelly
80974,Ryan Manning
2434,Ryan Richards
18410,Ryan Rossiter
9573,Ryan Thompson
1808,Ryan Toolson
9451,Ryan Wittman
50093,Rysheed Jordan
1837,Ryvon Covile
31165,Saah Nimley
86013,Sacha Killeya-Jones
73,Saer Sene
25992,Safak Edge
24671,"Sam Cassell, Jr."
28239,Sam Dekker
8334,Sam Dower
2135,Sam Hoskin
83936,Samir Sehic
5882,Sam Muldrow
30,Sammy Mejia
24184,Sam Thompson
27996,Samuel Deguara
53905,Samuel Japhet-Mathias
1626,Sam Young
52344,Sandy Cohen III
2698,Sani Ibrahim
9741,Sarra Camara
818,Sasha Kaun
393,Sasha Vujacic
28648,Sasu Salin
24271,Savon Goodman
74083,Schnider Herard
6530,Scoop Jardine
23338,Scottie Wilbekin
18146,Scott Machado
1724,Scott VanderMeer
3787,Scott Wood
2184,Scotty Hopson
58497,Seab Webster
26090,Sead Sehovic
23883,Sean Armand
1116,Sean Banks
2076,Sean Dockery
4347,Sean Kilpatrick
1921,Sean Marshall
315,Sean May
798,Sean Singletary
27699,Sebastian Saiz
85592,Sedee Keita
54838,Sedrick Barefield
26729,Semaj Christon
9748,Semen Shashkov
41446,Semi Ojeleye
404,Sergei Lishouk
24786,Sergey Karasev
1639,Sergii Gladyr
26599,Sergiy Zagreba
25996,Sertac Sanli
56947,Seth Berger
4873,Seth Curry
30549,Seth Tuttle
52035,Seventh Woods
24245,Shabazz Muhammad
22395,Shabazz Napier
73155,Shake Milton
88764,Shamorie Ponds
28945,Shane Larkin
41398,Shane Rector
9406,Shane Southwell
826,Shan Foster
37689,Gao Shang
57374,Shannon Evans
41429,Shannon Hale
24169,Shannon Scott
24253,Shaq Goodwin
28234,Shaqquan Aaron
33248,Shaquille Johnson
24231,Shaquille Thomas
88986,Shareef O'Neal
1125,Sharrod Ford
377,Shaun Livingston
1893,Shaun Pruitt
90,Shawne Williams
10064,Shawn Glover
2587,Shawn James
22499,Shawn Jones
28798,Shawn Long
76383,Shawntrez Davis
11138,Shayne Whittington
68,Shelden Williams
24189,Sheldon Mac
24706,Shelton Mitchell
9419,Shelvin Mack
1946,Sherron Collins
24208,Sidiki Johnson
88930,Sidney Wilson
27085,Siim-Sander Vene
81298,Silas Melson
76253,Silvio De Sousa
76410,Simi Shittu
41449,Sindarius Thornwell
24646,Siyani Chambers
42074,Skal Labissiere
85943,Skylar Mays
2217,Solomon Alabi
6653,Solomon Hill
159,Solomon Jones
24325,Solomon Poole
104840,Solomon Uyaelunmo
809,Sonny Weems
30385,Spencer Dinwiddie
370,Spencer Hawes
38331,Stanford Robinson
1929,Stanley Burrell
26756,Stanley Johnson
2318,Stanley Robinson
16336,Stan Okoye
9739,Stefan Bircevic
24063,Stefan Markovic
23261,Stefan Nastic
41685,Stefan Peno
2586,Stefon Jackson
375,Stephane Lasme
5301,Stephane Pelle
1600,Stephen Curry
10175,Stephen Dennis
23432,Stephen Holt
54846,Stephen Zimmerman
27993,Steven Adams
8335,Steven Gray
894,Steven Hill
8118,Steven Idlet
97,Steve Novak
1057,Steven Smith
14984,Steve Taylor
37901,Stevie Clark
73152,Stevie Thompson
29736,Strahinja Stojacic
4708,Sundiata Gaines
41726,Sviatoslav Mykhailiuk
2176,Sylven Landesberg
6697,Sylvester Seay
80691,Tai Odiase
37821,Tai Webster
69929,Tai Wynyard
1622,Taj Gibson
1876,Taj Gray
5676,Takais Brown
6238,Talib Zanna
3975,Talor Battle
1896,Taqwa Pinero
9388,Taran Buie
344,Tarence Kinsey
9359,Tarik Black
30741,TaShawn Thomas
1953,Tasmin Mitchell
26543,Tauras Jogela
21,Taurean Green
42410,Taurean Prince
105362,Tavin Lovan
12952,Taylor Braun
18025,Taylor Coppenrath
1685,Taylor Griffin
1787,Taylor Rochestie
73168,Ted Kapita
2648,Tedric Hill
85595,Temple Gibbs
73135,Terance Mann
1964,Terence Dials
52037,Terrance Ferguson
5788,Terrance Henry
28852,Terran Petteway
59511,Terrell Brown
2020,Terrell Everett
9390,Terrell Stoglin
104933,Terrell Turner
6127,Terrence Jennings
7109,Terrence Jones
88813,Terrence Lewis
3684,Terrence Oglesby
76752,Terrence Phillips
9339,Terrence Ross
1607,Terrence Williams
2280,Terrico White
52350,Terry Larrier
24644,Terry Rozier
24232,Terry Whisnant
85645,Tervell Beck
41,Thaddeus Young
50244,Thanasis Antetokounmpo
92816,Theo John
26755,Theo Pinson
6731,Theo Robertson
1099,Theron Smith
28596,Thierno Niang
52030,Thomas Bryant
9267,Thomas Heurtel
2383,Thomas Robinson
64323,Thomas Welsh
42192,Thon Maker
373,Tiago Splitter
89966,Tim Cameron
3977,Tim Frazier
9386,Tim Hardaway Jr.
85697,Tim Harrison
4788,Timmy Bowers
102824,Timothy Rose
399,Tim Pickett
56701,Tim Quarterman
2666,Tim Smith
2212,Tiny Gallon
28386,Titus Nicoara
906,T.J. Cummings
447,T.J. Ford
59509,T.J. Leaf
81534,T.J. Maston
22550,T.J. McConnell
31681,T.J. Price
9566,T.J. Robinson
24292,T.J. Warren
26849,Tobias Borg
7119,Tobias Harris
28846,Toddrick Gotcher
88830,Tomas Murphy
24374,Tomas Satoransky
9746,Tomasz Nowakowski
2427,Tomislav Zubcic
57008,"Tommy Hamilton, Jr."
479,Tommy Smith
6219,Tom Timmermans
1624,Toney Douglas
391,Tony Allen
1163,Tony Bobbitt
76384,Tony Bradley
88727,Tony Carr
4129,Tony Crocker
1789,Tony Gaffney
5506,Tony Mitchell
9338,Tony Mitchell (North Texas)
24254,Tony Parker
16440,Tony Skinn
22374,Tony Snell
2366,Tony Woods
24154,Tony Wroten
83973,Tookie Brown
1960,Torin Francis
24387,Tornike Shengelia
16404,Torrell Martin
41430,Torren Jones
6204,Tory Jackson
3784,Tracy Smith
88934,Trae Young
12986,Travis Bader
9410,Travis Carroll
131,Travis Diener
2078,Travis Garrison
470,Travis Hansen
28934,Travis Hyman
5662,Travis Leslie
9360,Travis McKie
4194,Travis Releford
71583,Trayvon Reed
11012,Tre Demps
85602,Trent Forrest
813,Trent Plaisted
1973,Tre Simmons
73144,Tres Tinkle
31269,Treveon Graham
81683,Trevon Duval
4006,Trevon Hughes
398,Trevor Ariza
3685,Trevor Booker
24200,Trevor Cooney
4904,Trevor Harvey
9281,Trevor Lacey
83966,Trevor Manuel
5135,Trevor Mbakwe
9353,Trevor Releford
24223,Trey Burke
932,Trey Johnson
23519,Trey Jones
52555,Trey Kell
74068,Trey Lowe
28238,Trey Lyles
28744,Trey McDonald
52559,Trey Mourning
2363,Trey Thompkins
42081,Trey Thompson
9342,Trey Zeigler
87286,Tristan Clark
7103,Tristan Thompson
85640,Troy Baxter
456,Troy Bell
74084,Troy Brown
18948,Troy Daniels
9084,Troy Gillenwater
23707,Troy Huff
24319,Troy Williams
10919,Tu Holloway
52560,"Tum Tum Nairn, Jr."
1945,Tweety Carter
85677,Ty Jerome
24210,Ty Johnson
1612,Ty Lawson
28972,Tyler Adams
85940,Tyler Cook
73165,Tyler Davis
41957,Tyler Dorsey
27049,Tyler Ennis
7875,Tyler Foster
1608,Tyler Hansbrough
28818,Tyler Harris
31059,Tyler Harvey
2376,Tyler Honeycutt
23365,Tyler Johnson
31664,Tyler Kalinoski
24701,Tyler Lewis
72594,Tyler Lydon
104937,Tyler Polley
24688,Tyler Roberson
2322,Tyler Smith
52567,Tyler Ulis
2175,Tyler Zeller
29088,Tyrek Coger
1601,Tyreke Evans
31134,Tyrell Corbin
10164,Tyren Johnson
1649,Tyrese Rice
88753,Tyrique Jones
1931,Tyrone Brazelton
44085,Tyrone Wallace
9,Tyrus Thomas
2323,Tyshawn Taylor
88782,Ty-Shon Alexander
42370,Tyus Battle
26752,Tyus Jones
2752,Uche Nsonwu-Amadi
71574,Udoka Azubuike
12643,Ugonna Onyekwe
38588,Uros Ljeskovic
26235,Uros Nikolic
18872,Valdas Vasylius
85591,Vance Jackson
9340,Vander Blue
23372,Vander Joaquim
26557,Vasilje Micic
1949,Vernon Macklin
1643,Viacheslav Kravtsov
30679,Victor Arteaga
87269,"Victor Bailey, Jr."
2927,Viktor Keirou
52054,Victor Law
30563,Victor Nickerson
22337,Victor Oladipo
88910,Victor Uyaelunmo
25980,Viktor Gaddefors
41586,Viktor Pulpan
79905,Vince Edwards
57096,Vince Hunter
6280,Vincent Council
1113,Vincent Grier
29374,Vitalis Chikoko
56681,Vitto Brown
29857,V.J. Beachem
43396,V.J. King
2299,Vladimir Dasic
1897,Vladimir Golubovic
29992,Vladimir Jankovic
32941,Vladyslav Koreniuk
24795,Vladislav Trushkin
16948,Vlad Moldoveanu
26002,Vyacheslav Bobrov
24776,Vytenis Cizauskas
81056,Wade Baldwin IV
57362,Wadly Mompremier
53763,Wael Arakji
1698,Warren Carter
85980,Wayde Sims
24157,Wayne Blackshear
4804,Wayne Chism
1620,Wayne Ellington
24687,Wayne Selden
369,Wayne Simien
36509,Wayne Wallace
76236,"Wendell Carter, Jr."
9086,Wendell McKines
84059,Wendell Mitchell
41394,Wesley Clark
59227,Wesley Iwundu
4081,Wesley Johnson
1653,Wesley Matthews
24354,Wesley Saunders
6116,Wesley Wilson
2538,Wesley Witherspoon
6290,Weyinmi Efejuku Rose
9269,Will Barton
124,Will Blalock
844,Will Bynum
13470,Will Cherry
22382,Will Clyburn
7876,Will Coleman
1062,Will Conroy
30601,Will Cummings
2186,William Buford
52556,William Lee
24287,Willie Cauley-Stein
474,Willie Green
85908,Willie Jackson
2179,Willie Warren
1748,Will McDonald
31713,Will Neighbour
22338,Will Sheehey
1860,Will Thomas
37870,Willy Hernangomez
1700,Wink Adams
24279,Winston Shepard
95912,Wolfgang Novogratz
95911,Wyatt Lowell
105353,Wyatt Wilkes
3698,Xavier Gibson
2197,Xavier Henry
42842,Xavier Munford
27051,Xavier Rathan-Mayes
4511,Xavier Silas
88771,Xavier Sneed
7010,Xavier Thames
9747,Xavi Rabaseda
2368,Yancy Gates
26797,Yannis Morin
2014,Yemi Nicholson
30605,Youssou Ndoye
25,Yue Sun
1767,Zabian Dowdell
80535,Zacarry Douglas
31678,Zaccheus Mason
87283,Zach Brown
85659,Zach Collins
3741,Zachery Peacock
80964,Zach Haney
41396,Zach LaVine
85617,Zach Norvell
42424,Zach Peters
24191,Zach Price
12609,Zach Rosen
74067,Zavier Simpson
28279,Zena Edosomwan
24848,Zhelin Wang
33432,Zhou Qi
53076,Zoran Nikolic
52056,Zylan Cheatham
93018,Kostas Antetokounmpo (Dayton)
107065,Jaylen Barford
71803,Keita Bates-Diop
80283,Jevon Carter
83939,Donte DiVincenzo
93803,Carsen Edwards
83990,Jacob Evans
91004,Bruno Fernando
83909,Melvin Frazier (Tulane)
104915,Shai Gilgeous-Alexander
56796,Devon Hall
81478,Kevin Hervey
88806,Jaren Jackson
106664,Alize Johnson
56831,George King
88754,Sagaba Konate
80112,Cody Martin
112967,Caleb Martin
81016,Yante Maten
88822,Brandon McCoy
85714,DeAnthony Melton
94058,Josh Okogie
85560,Jerome Robinson
84169,Landry Shamet
106511,Anfernee Simons
121978,Zhaire Smith
84388,Khyri Thomas
80275,Kenrich Williams
90832,Jalen McDaniels 
72038,Ethan Happ 
84081,Jarrey Foster 
83911,Markis McDuffie 
80965,Chandler Hutchison 
84136,Terence Davis 
79908,Dakota Mathias 
91004,Bruno Fernando 
107258,Ky Bowman 
63962,Ajdin Penava 
76739,Kerwin Roach Jr.
84318,Admiral Schofield 
88918,Tremont Waters 
80120,Jalen Hudson 
83934,Juwan Morgan 
71543,Desonta Bradford 
89349,Daryl Macon 
85755,Yoeli Childs 
88737,Wenyen Gabriel 
104831,Chris Smith 
121779,Terry Taylor 
121623,Amorie Archibald 
121882,RJ Cole 
118830,Taveion Hollingsworth 
121815,Ja Morant 
88906,Donnie Tillman 
121582,Eric Williams Jr.
118702,Collin Gillespie 
103506,Sandro Mamukelashvili 
95908,Saben Lee 
121569,Tywhon Pickford 
77640,Yves Pons 
106472,Kezie Okpala 
121327,Brad Davison 
108483,Nicolas Claxton 
122125,Kameron Langley 
121688,Matt Mitchell 
104346,Emmanuel Akot 
95898,Justice Sueing 
105831,Corey Kispert 
107965,Jarrett Culver 
121313,Jack Nunge 
118966,Darryl Morsell 
121490,Greg Elliott 
121565,Lucas Williamson 
121714,Alex Petrie 
121540,Souley Boum 
121856,Desmond Cambridge 
121486,Jamorko Pickett 
121981,Matt Lewis 
121427,Sterling Manley 
75717,Alessandro Lever 
89395,Grant Williams 
88871,Jalen Sanders 
106505,Marcus Garrett 
122248,Isaiah Miller 
105815,Taylor Funk 
105368,Nick Weatherspoon 
121905,Takal Molson 
121453,Darius McNeill 
118870,McKinley Wright IV
88865,Colbey Ross 
112826,Ray Ona Embo 
105383,Jericho Sims 
85956,Makai Ashton-Langford 
97090,Daniel Gafford 
121967,Kevin Anderson 
107216,Oscar Da Silva 
52203,Felipe Haase 
88817,Brady Manek 
106502,Brandon Randolph 
108411,Jhivvan Jackson 
88925,Malik Williams 
122090,Jalyn Hinton 
121325,Geo Baker 
121600,Jacob Gilyard 
106728,Justin Pierce 
87272,Mitchell Ballock 
107663,Desmond Bane 
107461,Anfernee McLemore 
107102,Armoni Brooks 
106995,Austin Reaves 
108151,Jordan Usher 
85693,David Jenkins Jr.
121683,Makuach Maluach 
75725,Roberts Blumbergs 
107462,Kenny Wooten 
54130,Marek Dolezaj 
106805,Jerrick Harding 
88914,M.J. Walker 
76942,Lindell Wigginton 
77639,Killian Tillie 
72649,Rui Hachimura 
106938,Cartier Diarra 
107323,Henry Baddley 
86028,Isaiah Roby 
106958,Kevin McKay 
89406,Quinton Rose 
118831,Naji Marshall 
87247,Anthony Lamb 
106754,Denzel Mahoney 
89405,Grant Golden 
122282,Ryghe Lyons 
89436,Steffon Mitchell 
89521,Dru Smith 
107107,Carlik Jones 
85965,De'Monte Buckingham 
88119,Blake Harris 
95919,Ryan Betley 
103161,Andrew Jones 
90834,Sam Hauser 
92849,Eugene German 
107593,Dachon Burke 
121645,Zack Bryant 
106947,Danny Pippen 
84796,Matt Morgan 
85613,Seth Towns 
76274,Kouat Noi 
84328,Justin Wright-Foreman 
86758,D'Marcus Simonds 
121957,TJ Shorts II
76743,Justin Robinson 
85658,Anthony Cowan 
86008,AJ Brodeur 
89968,Cameron McGriff 
121414,Curtis Haywood II
107310,Nathan Knight 
107344,Kamar Baldwin 
80896,Jared Harper 
90019,Kellan Grady 
107273,Sa'eed Nelson 
85598,Cameron Lard 
98102,Kyle Allman 
89155,DaQuan Jeffries 
85194,Andrew Kostecka 
84615,Nick Mayo 
97850,Jason Burnell 
107079,Mfiondu Kabengele 
106743,Jermaine Marrow 
93804,Miye Oni 
88564,Matt Rafferty 
85124,Chris Clemons 
85333,Ed Polite Jr.
85637,Mitch Lightfoot 
84325,Aric Holman 
85113,Kipper Nichols 
84382,Ike Smith 
85800,Alpha Diallo 
83958,Tahjai Teague 
107611,Kevon Harris 
85400,Rickey McGill 
84940,MaCio Teague 
85798,Max Heidegger 
84803,Corey Davis Jr.
84058,Xeyrius Williams 
86984,Justinian Jessup 
107599,Keith Braxton 
89323,Jordon Varnado 
114200,Pauly Paulicap 
64145,Aaron Jordan 
53888,Jacob Larsen 
84546,Lindsey Drew 
85626,Jon Teske 
121570,Markus Golder 
87939,Matt Haarms 
90409,C.J. Massinburg 
124653,Martaveous McKnight 
84055,Tyler Hall 
84042,Dazon Ingram 
84040,Matisse Thybulle 
76231,Jordan Murphy 
107312,Dimencio Vaughn 
84454,Stone Gettings 
103651,Braxton Key 
85385,Grant Riller 
83989,Drew Eubanks 
83931,Kerry Blackshear Jr.
84791,Justin James 
76392,Mamadi Diakite 
106655,Jordan Bowden 
84464,James Bolden 
92824,Lagerald Vick 
84876,Luke Knapke 
112877,Jackson Rowe 
84549,Michael Oguine 
84242,Barry Brown 
97493,Sam Bittner 
84439,Robert Franks 
109413,Isaiah Reese 
89141,Brandon Gilbeck 
121834,Darrian Ringo 
84935,James Dickey 
84083,Tre Scott 
85091,Jaren Lewis 
84373,Anthony Mathis 
84884,Dean Wade 
84828,Fletcher Magee 
84174,Jon Davis 
85648,Mark Vital 
90837,Scottie James 
85100,Joe Cremo 
85117,Sean McDermott 
52080,Jon Axel Gudmundsson 
86747,Garrison Mathews 
97689,Andre Wolford 
85130,Devontae Cacok 
84037,Dererk Pardon 
27975,Matej Svoboda 
87241,Dylan Windler 
73151,Levan Shawn Alston 
107627,Jonathan Baehre 
85447,Ahmad Caver 
84329,Jeremy Harris 
83967,Quinndary Weatherspoon 
83993,Anthony Lawrence Jr.
84043,Dikembe Dixson 
84804,Andre Fox 
81060,Jeff Roberson 
80830,Donte Ingram 
97615,Eli Chuha 
80007,Dylan Osetkowski 
80915,Matt Scott 
80273,Mitchell Solomon 
80097,James Palmer 
65746,Yankuba Sima 
80610,Chris Cokley 
32967,Matej Kavas 
84102,Bryce Brown 
83979,Roosevelt Smart 
71585,Ismael Sanogo 
76229,Bennie Boatwright 
72628,Aaron Menzies 
112342,Demontrae Jefferson 
85116,Jalone Friday 
81273,Stephon Jelks 
81153,Zach Thomas 
92823,Hayden Dalton 
88074,Jeremiah Martin 
80066,Phil Cofer 
81058,Matthew Fisher-Davis 
80301,Kyron Cartwright 
80601,Justin Johnson 
72682,Scottie Lindsey 
80563,Eddie Keith 
72582,Drew Urquhart 
89022,Shakur Juiston 
82568,Max Strus 
79852,Nicholas Baer 
80246,Jamuni McNeace 
71584,Desi Rodriguez 
81496,John Konchar 
81441,Deshon Taylor 
81006,Isaiah Wright 
83948,Luwane Pipkins 
80114,Cameron Johnson 
79912,PJ Thompson 
81343,Travin Thibodeaux 
81083,Junior Robinson 
81305,Cameron Jackson 
80950,Joe Furstinger 
80387,Justin Tillman 
80649,Joniah White 
80507,DeSean Murray 
80546,Justin Bibbins 
80783,Jordan Caroline 
81165,Jalen Henry 
81316,Jordan Howard 
72478,Zach Smith 
80452,Tyler Rawson 
53452,Jordan Barnett 
97652,Chima Moneke 
56795,B.J. Johnson 
81641,Jon Elmore 
41275,Justin Gray 
81020,Nick Weiler-Babb 
83961,Tacko Fall 
80645,C.J. Burks 
28765,B.J. Stith 
27315,Dusan Ristic 
80999,Elijah Stewart 
80077,Ben Lammers 
80311,Peyton Aldridge 
33431,Gavin Schilling 
80330,Nick Masterson 
81518,Mike Daum 
42083,Milik Yarbrough 
81251,Jock Landale 
81152,Nana Foulland 
86978,Issac Vann 
81164,Matt Klinewski 
73142,Danjel Purifoy 
81268,Daniel Fowler 
56935,Brandon Goodwin 
74081,Zach Brown 
80586,Eric Carter 
80980,Tra Holder 
80116,Isaiah Wilkins 
97827,T.J. Holyfield 
43397,Obi Enechionyia 
81245,Vasa Pusica 
79983,Trae Bell-Haynes 
80739,Tim Bond 
80775,Rashard Kelly 
80513,Xavier Cooks 
83910,Mike Watkins 
80899,Tyler Nelson 
80643,Giddy Potts 
79873,Nate Mason 
57833,Jahad Thomas 
42281,Roddy Peters 
106893,Jalen Canty 
57425,Jairus Lyles 
52057,Tariq Owens 
80240,Clayton Custer 
81038,Tramaine Isabell 
80304,J.P. Macura 
57077,Jonathan Stark 
26757,Johnathan Williams 
56849,Kahlil Dukes 
80722,Thomas Wilder 
58609,Joel Hernandez 
41392,Anas Mahmoud 
81090,Marcquise Reed 
42177,Kerem Kanter 
80581,Elijah Bryant 
71590,Paschal Chukwu 
109784,Jemerrio Jones 
80415,Bogdan Bliznyuk 
109451,Tiwian Kendley 
80054,Donte Grantham 
56690,A.J. Davis 
80113,Matt Farrell 
81479,Erick Neal 
42158,Martin Krampelj 
85563,Andre Spight 
81579,Victor Sanders 
80655,Jacobi Boykins 
80501,Ahmad Thomas 
57079,Cameron Reynolds 
80968,Matt Mooney 
109390,Brandon Walters 
97588,James Thompson IV
57170,Reggie Lynch 
56799,Ben Emelogu 
42400,Jaron Hopkins 
57203,Ria'n Holland 
56677,Kendall Stephens 
57221,Alan Herndon 
56859,Jeffrey Carroll 
54848,Trevon Bluiett 
81085,Chris Wray 
57445,Austin Luke 
57223,Keonta Vernon 
107003,Nuni Omot 
57588,Calvin Hermanson 
97837,Travis Munnings 
58639,Matt Mobley 
79865,Muhammad-Ali Abdur-Rahkman 
32725,Rokas Gustys 
81088,Elijah Minnie 
56679,Bryson Scott 
56871,Frank Booker 
37841,Emmett Naar 
58121,Andrew Rowsey 
28232,Rodney Bullock 
48396,Vladimir Brodziansky 
79772,Duncan Robinson 
58261,Kassius Robertson 
42064,Braian Angola-Rodas 
24694,Robert Gray Jr.
57583,Frank Bartley 
57204,Shaquille Morris 
30466,David Collette 
57172,Zach Lofton 
106525,Jay Huff 
109465,Che Bob 
107043,Zane Martin 
97619,Nick Dixon 
109309,Anthony Wilson 
107286,Charles Williams 
80727,Ryan Taylor 
107314,Jahlil Tripp 
